home_team,away_team,home_score,away_score
Bears,49ers,13,9
49ers,Bengals,3,37
Bills,49ers,26,21
Broncos,49ers,44,20
49ers,Browns,15,32
Buccaneers,49ers,34,28
Cardinals,49ers,2,33
Chargers,49ers,3,2
Chiefs,49ers,12,34
49ers,Colts,42,17
49ers,Cowboys,42,26
Dolphins,49ers,40,9
Eagles,49ers,43,34
49ers,Falcons,16,8
49ers,Giants,13,47
49ers,Jaguars,5,12
Jets,49ers,48,16
49ers,Lions,29,24
Packers,49ers,22,39
Panthers,49ers,26,40
49ers,Patriots,29,25
49ers,Raiders,7,18
Rams,49ers,23,24
Ravens,49ers,22,27
49ers,Redskins,37,21
Saints,49ers,20,10
49ers,Seahawks,25,13
49ers,Steelers,25,36
Texans,49ers,1,9
49ers,Titans,13,16
49ers,Vikings,23,14
Bears,49ers,9,25
49ers,Bengals,26,28
49ers,Bills,20,35
49ers,Broncos,38,20
Browns,49ers,15,30
Buccaneers,49ers,9,39
Cardinals,49ers,28,39
49ers,Chargers,22,43
Chiefs,49ers,14,8
Colts,49ers,22,43
49ers,Cowboys,40,15
49ers,Dolphins,2,8
Eagles,49ers,37,33
Falcons,49ers,33,30
Giants,49ers,42,26
49ers,Jaguars,31,12
49ers,Jets,0,5
49ers,Lions,44,46
49ers,Packers,40,21
49ers,Panthers,14,1
Patriots,49ers,44,37
49ers,Raiders,45,43
49ers,Rams,13,40
Ravens,49ers,28,4
Redskins,49ers,1,38
49ers,Saints,3,37
49ers,Seahawks,43,19
Steelers,49ers,20,10
Texans,49ers,21,4
Titans,49ers,17,38
49ers,Vikings,42,0
Bears,49ers,48,17
Bears,Bengals,29,2
Bills,Bears,22,38
Bears,Broncos,20,31
Bears,Browns,44,15
Bears,Buccaneers,48,24
Bears,Cardinals,32,30
Chargers,Bears,15,8
Chiefs,Bears,1,0
Colts,Bears,39,29
Cowboys,Bears,23,1
Bears,Dolphins,49,47
Bears,Eagles,34,46
Falcons,Bears,19,8
Giants,Bears,26,6
Bears,Jaguars,0,23
Jets,Bears,31,44
Bears,Lions,39,37
Bears,Packers,35,36
Panthers,Bears,48,41
Patriots,Bears,27,39
Bears,Raiders,10,2
Rams,Bears,10,46
Ravens,Bears,8,42
Bears,Redskins,4,24
Saints,Bears,43,18
Seahawks,Bears,30,34
Bears,Steelers,21,30
Texans,Bears,0,7
Bears,Titans,27,35
Bears,Vikings,11,3
Bears,49ers,32,1
Bengals,Bears,8,48
Bills,Bears,31,29
Broncos,Bears,41,22
Bears,Browns,22,9
Buccaneers,Bears,43,45
Cardinals,Bears,46,37
Bears,Chargers,20,27
Chiefs,Bears,20,43
Bears,Colts,8,41
Cowboys,Bears,2,37
Bears,Dolphins,30,41
Bears,Eagles,4,36
Bears,Falcons,32,4
Bears,Giants,36,5
Bears,Jaguars,1,45
Bears,Jets,13,34
Bears,Lions,24,5
Bears,Packers,11,21
Panthers,Bears,43,40
Patriots,Bears,21,41
Raiders,Bears,27,14
Rams,Bears,49,16
Ravens,Bears,39,27
Redskins,Bears,44,32
Saints,Bears,13,18
Seahawks,Bears,38,15
Bears,Steelers,21,27
Bears,Texans,26,6
Titans,Bears,26,9
Vikings,Bears,43,49
49ers,Bengals,9,6
Bengals,Bears,32,3
Bengals,Bills,20,12
Broncos,Bengals,32,5
Browns,Bengals,45,14
Buccaneers,Bengals,45,30
Bengals,Cardinals,19,29
Chargers,Bengals,6,12
Chiefs,Bengals,10,15
Bengals,Colts,10,6
Cowboys,Bengals,37,5
Bengals,Dolphins,15,16
Eagles,Bengals,27,13
Falcons,Bengals,6,35
Giants,Bengals,21,39
Bengals,Jaguars,44,10
Bengals,Jets,0,43
Lions,Bengals,11,32
Bengals,Packers,24,9
Panthers,Bengals,22,19
Bengals,Patriots,0,38
Raiders,Bengals,24,9
Bengals,Rams,17,3
Bengals,Ravens,34,19
Redskins,Bengals,13,25
Bengals,Saints,15,38
Seahawks,Bengals,37,3
Bengals,Steelers,16,15
Texans,Bengals,23,47
Titans,Bengals,39,45
Vikings,Bengals,16,10
Bengals,49ers,9,49
Bengals,Bears,22,7
Bengals,Bills,36,30
Broncos,Bengals,36,31
Browns,Bengals,8,35
Bengals,Buccaneers,24,32
Bengals,Cardinals,13,33
Bengals,Chargers,22,35
Chiefs,Bengals,37,18
Colts,Bengals,17,32
Cowboys,Bengals,27,5
Dolphins,Bengals,5,35
Bengals,Eagles,8,17
Bengals,Falcons,33,14
Bengals,Giants,7,25
Jaguars,Bengals,43,1
Jets,Bengals,12,10
Bengals,Lions,27,35
Bengals,Packers,26,48
Panthers,Bengals,8,39
Patriots,Bengals,23,41
Bengals,Raiders,48,33
Bengals,Rams,39,14
Ravens,Bengals,27,19
Redskins,Bengals,41,21
Saints,Bengals,2,40
Seahawks,Bengals,5,15
Bengals,Steelers,49,23
Bengals,Texans,47,12
Titans,Bengals,14,29
Vikings,Bengals,16,48
49ers,Bills,7,25
Bills,Bears,29,21
Bills,Bengals,32,20
Broncos,Bills,33,16
Bills,Browns,33,44
Buccaneers,Bills,31,15
Bills,Cardinals,2,29
Chargers,Bills,29,33
Chiefs,Bills,34,28
Colts,Bills,26,16
Cowboys,Bills,40,20
Dolphins,Bills,29,0
Bills,Eagles,10,18
Bills,Falcons,43,41
Bills,Giants,49,6
Jaguars,Bills,9,3
Bills,Jets,29,23
Lions,Bills,34,44
Packers,Bills,13,27
Bills,Panthers,47,22
Patriots,Bills,23,22
Raiders,Bills,41,2
Bills,Rams,21,8
Ravens,Bills,4,38
Bills,Redskins,0,10
Saints,Bills,3,6
Seahawks,Bills,6,29
Bills,Steelers,16,25
Bills,Texans,23,44
Titans,Bills,47,12
Vikings,Bills,7,18
49ers,Bills,38,3
Bills,Bears,34,40
Bengals,Bills,49,40
Bills,Broncos,43,21
Bills,Browns,0,44
Bills,Buccaneers,40,18
Cardinals,Bills,7,35
Bills,Chargers,28,0
Chiefs,Bills,22,16
Bills,Colts,19,29
Bills,Cowboys,6,33
Dolphins,Bills,10,36
Bills,Eagles,35,8
Falcons,Bills,0,20
Giants,Bills,0,33
Jaguars,Bills,39,20
Bills,Jets,28,35
Bills,Lions,34,10
Bills,Packers,5,10
Panthers,Bills,13,33
Bills,Patriots,44,2
Bills,Raiders,32,30
Rams,Bills,12,5
Bills,Ravens,20,36
Redskins,Bills,27,14
Bills,Saints,41,21
Bills,Seahawks,20,22
Bills,Steelers,30,22
Bills,Texans,42,27
Titans,Bills,16,28
Vikings,Bills,43,13
49ers,Broncos,47,41
Broncos,Bears,13,30
Broncos,Bengals,32,14
Bills,Broncos,43,31
Broncos,Browns,39,21
Buccaneers,Broncos,16,8
Cardinals,Broncos,17,11
Broncos,Chargers,2,0
Broncos,Chiefs,38,23
Broncos,Colts,35,0
Cowboys,Broncos,30,35
Broncos,Dolphins,14,44
Eagles,Broncos,10,43
Broncos,Falcons,10,24
Giants,Broncos,32,44
Broncos,Jaguars,39,24
Broncos,Jets,22,49
Broncos,Lions,35,6
Broncos,Packers,0,23
Broncos,Panthers,33,39
Patriots,Broncos,7,33
Broncos,Raiders,21,9
Rams,Broncos,39,35
Ravens,Broncos,37,20
Broncos,Redskins,14,41
Saints,Broncos,33,30
Broncos,Seahawks,38,6
Steelers,Broncos,40,12
Broncos,Texans,16,23
Titans,Broncos,34,37
Broncos,Vikings,11,37
49ers,Broncos,22,20
Broncos,Bears,48,49
Broncos,Bengals,13,21
Broncos,Bills,18,23
Broncos,Browns,39,5
Broncos,Buccaneers,42,0
Cardinals,Broncos,22,35
Broncos,Chargers,31,11
Chiefs,Broncos,8,46
Colts,Broncos,47,5
Cowboys,Broncos,0,33
Broncos,Dolphins,6,11
Eagles,Broncos,14,37
Broncos,Falcons,4,26
Broncos,Giants,12,6
Jaguars,Broncos,27,45
Broncos,Jets,24,41
Lions,Broncos,18,26
Packers,Broncos,39,12
Panthers,Broncos,34,8
Patriots,Broncos,2,36
Raiders,Broncos,19,20
Broncos,Rams,45,46
Ravens,Broncos,4,17
Redskins,Broncos,40,33
Broncos,Saints,42,45
Broncos,Seahawks,23,10
Steelers,Broncos,0,45
Texans,Broncos,20,13
Titans,Broncos,0,23
Vikings,Broncos,12,5
Browns,49ers,0,13
Browns,Bears,42,2
Browns,Bengals,21,48
Bills,Browns,26,34
Broncos,Browns,9,47
Buccaneers,Browns,43,27
Cardinals,Browns,14,32
Browns,Chargers,11,35
Browns,Chiefs,2,37
Browns,Colts,21,18
Cowboys,Browns,18,34
Browns,Dolphins,15,30
Browns,Eagles,41,35
Falcons,Browns,48,3
Browns,Giants,27,7
Browns,Jaguars,23,44
Jets,Browns,20,13
Browns,Lions,29,2
Packers,Browns,29,43
Panthers,Browns,27,22
Patriots,Browns,30,22
Browns,Raiders,20,24
Rams,Browns,7,42
Browns,Ravens,49,13
Redskins,Browns,46,1
Browns,Saints,32,23
Seahawks,Browns,45,38
Steelers,Browns,0,32
Texans,Browns,34,25
Browns,Titans,7,26
Vikings,Browns,42,4
Browns,49ers,39,12
Bears,Browns,0,24
Bengals,Browns,6,48
Browns,Bills,49,44
Browns,Broncos,5,11
Buccaneers,Browns,43,41
Browns,Cardinals,27,45
Browns,Chargers,49,45
Browns,Chiefs,13,29
Colts,Browns,20,6
Cowboys,Browns,6,11
Dolphins,Browns,1,2
Browns,Eagles,26,3
Browns,Falcons,44,13
Browns,Giants,5,31
Jaguars,Browns,35,32
Browns,Jets,4,2
Lions,Browns,13,45
Packers,Browns,27,5
Browns,Panthers,10,9
Browns,Patriots,1,20
Browns,Raiders,19,42
Browns,Rams,21,28
Ravens,Browns,29,42
Browns,Redskins,40,0
Saints,Browns,8,36
Seahawks,Browns,37,0
Browns,Steelers,22,4
Browns,Texans,44,14
Browns,Titans,18,6
Vikings,Browns,0,1
Buccaneers,49ers,18,43
Buccaneers,Bears,46,7
Bengals,Buccaneers,4,26
Bills,Buccaneers,44,40
Broncos,Buccaneers,39,37
Buccaneers,Browns,13,36
Cardinals,Buccaneers,38,34
Buccaneers,Chargers,46,32
Buccaneers,Chiefs,0,19
Buccaneers,Colts,40,36
Cowboys,Buccaneers,31,45
Buccaneers,Dolphins,23,30
Buccaneers,Eagles,1,21
Buccaneers,Falcons,0,32
Giants,Buccaneers,19,14
Buccaneers,Jaguars,39,6
Buccaneers,Jets,40,8
Lions,Buccaneers,15,44
Packers,Buccaneers,4,43
Buccaneers,Panthers,17,32
Patriots,Buccaneers,27,21
Buccaneers,Raiders,15,7
Buccaneers,Rams,44,32
Ravens,Buccaneers,24,0
Buccaneers,Redskins,8,41
Saints,Buccaneers,24,12
Buccaneers,Seahawks,48,32
Buccaneers,Steelers,5,4
Buccaneers,Texans,1,13
Buccaneers,Titans,23,27
Vikings,Buccaneers,27,7
49ers,Buccaneers,28,27
Buccaneers,Bears,11,12
Bengals,Buccaneers,0,5
Buccaneers,Bills,6,13
Broncos,Buccaneers,16,18
Buccaneers,Browns,24,46
Cardinals,Buccaneers,17,41
Chargers,Buccaneers,47,10
Buccaneers,Chiefs,49,30
Colts,Buccaneers,33,18
Buccaneers,Cowboys,5,16
Buccaneers,Dolphins,4,1
Buccaneers,Eagles,11,46
Buccaneers,Falcons,43,14
Giants,Buccaneers,23,34
Buccaneers,Jaguars,48,47
Jets,Buccaneers,36,33
Lions,Buccaneers,4,49
Packers,Buccaneers,3,24
Panthers,Buccaneers,21,16
Patriots,Buccaneers,23,18
Raiders,Buccaneers,8,20
Buccaneers,Rams,48,49
Ravens,Buccaneers,7,40
Buccaneers,Redskins,7,35
Buccaneers,Saints,15,30
Seahawks,Buccaneers,43,46
Steelers,Buccaneers,6,42
Buccaneers,Texans,33,28
Buccaneers,Titans,42,22
Buccaneers,Vikings,35,28
49ers,Cardinals,6,36
Cardinals,Bears,44,4
Bengals,Cardinals,20,21
Bills,Cardinals,2,11
Broncos,Cardinals,27,35
Browns,Cardinals,2,4
Buccaneers,Cardinals,25,4
Chargers,Cardinals,21,4
Cardinals,Chiefs,3,13
Colts,Cardinals,8,15
Cardinals,Cowboys,15,6
Dolphins,Cardinals,9,1
Cardinals,Eagles,16,31
Cardinals,Falcons,2,28
Cardinals,Giants,33,7
Jaguars,Cardinals,14,26
Cardinals,Jets,25,6
Lions,Cardinals,46,34
Packers,Cardinals,13,7
Cardinals,Panthers,31,2
Patriots,Cardinals,14,34
Cardinals,Raiders,22,20
Cardinals,Rams,20,48
Ravens,Cardinals,29,3
Cardinals,Redskins,44,43
Saints,Cardinals,6,39
Cardinals,Seahawks,12,5
Cardinals,Steelers,35,30
Texans,Cardinals,27,0
Cardinals,Titans,12,11
Vikings,Cardinals,17,21
49ers,Cardinals,36,49
Bears,Cardinals,31,7
Cardinals,Bengals,3,11
Cardinals,Bills,27,6
Broncos,Cardinals,37,39
Cardinals,Browns,33,26
Buccaneers,Cardinals,43,32
Cardinals,Chargers,33,12
Cardinals,Chiefs,37,3
Colts,Cardinals,40,13
Cowboys,Cardinals,43,36
Cardinals,Dolphins,20,41
Eagles,Cardinals,15,6
Falcons,Cardinals,41,45
Giants,Cardinals,37,19
Cardinals,Jaguars,43,34
Cardinals,Jets,9,29
Lions,Cardinals,16,49
Cardinals,Packers,23,47
Cardinals,Panthers,2,30
Cardinals,Patriots,48,13
Raiders,Cardinals,20,8
Rams,Cardinals,31,43
Ravens,Cardinals,9,31
Cardinals,Redskins,41,26
Saints,Cardinals,22,18
Cardinals,Seahawks,42,7
Steelers,Cardinals,3,4
Texans,Cardinals,25,13
Cardinals,Titans,46,20
Vikings,Cardinals,22,9
49ers,Chargers,2,14
Chargers,Bears,16,33
Bengals,Chargers,10,9
Chargers,Bills,8,4
Broncos,Chargers,43,46
Browns,Chargers,48,6
Buccaneers,Chargers,24,6
Chargers,Cardinals,27,0
Chiefs,Chargers,31,3
Chargers,Colts,36,18
Cowboys,Chargers,18,8
Dolphins,Chargers,13,7
Chargers,Eagles,44,36
Falcons,Chargers,15,49
Chargers,Giants,31,20
Chargers,Jaguars,8,40
Chargers,Jets,12,4
Lions,Chargers,37,29
Packers,Chargers,14,4
Panthers,Chargers,16,41
Chargers,Patriots,18,4
Chargers,Raiders,41,35
Rams,Chargers,20,25
Ravens,Chargers,9,6
Chargers,Redskins,26,13
Chargers,Saints,40,17
Chargers,Seahawks,12,35
Chargers,Steelers,31,16
Chargers,Texans,24,46
Titans,Chargers,34,3
Chargers,Vikings,19,41
49ers,Chargers,41,44
Chargers,Bears,32,7
Bengals,Chargers,48,25
Chargers,Bills,36,43
Broncos,Chargers,0,26
Chargers,Browns,43,9
Buccaneers,Chargers,36,31
Cardinals,Chargers,31,30
Chiefs,Chargers,21,48
Chargers,Colts,0,16
Cowboys,Chargers,22,47
Dolphins,Chargers,3,34
Chargers,Eagles,49,9
Falcons,Chargers,32,31
Chargers,Giants,25,35
Jaguars,Chargers,28,44
Jets,Chargers,7,40
Lions,Chargers,31,46
Packers,Chargers,40,29
Chargers,Panthers,43,2
Patriots,Chargers,6,1
Chargers,Raiders,20,2
Rams,Chargers,25,15
Ravens,Chargers,4,24
Chargers,Redskins,3,49
Saints,Chargers,26,41
Seahawks,Chargers,11,23
Steelers,Chargers,29,47
Texans,Chargers,44,39
Chargers,Titans,28,45
Vikings,Chargers,18,4
Chiefs,49ers,42,49
Chiefs,Bears,22,0
Chiefs,Bengals,24,48
Bills,Chiefs,19,6
Chiefs,Broncos,1,10
Chiefs,Browns,27,4
Buccaneers,Chiefs,27,18
Chiefs,Cardinals,1,5
Chargers,Chiefs,7,31
Colts,Chiefs,9,23
Chiefs,Cowboys,5,18
Dolphins,Chiefs,35,32
Eagles,Chiefs,35,40
Chiefs,Falcons,2,17
Giants,Chiefs,17,24
Chiefs,Jaguars,47,34
Chiefs,Jets,19,11
Lions,Chiefs,45,0
Chiefs,Packers,22,24
Panthers,Chiefs,31,13
Chiefs,Patriots,7,6
Raiders,Chiefs,15,16
Chiefs,Rams,37,7
Chiefs,Ravens,28,24
Redskins,Chiefs,17,35
Saints,Chiefs,29,17
Seahawks,Chiefs,37,8
Steelers,Chiefs,44,43
Chiefs,Texans,23,34
Chiefs,Titans,28,44
Vikings,Chiefs,3,5
Chiefs,49ers,19,24
Bears,Chiefs,29,2
Bengals,Chiefs,4,43
Chiefs,Bills,20,12
Broncos,Chiefs,34,35
Browns,Chiefs,36,24
Chiefs,Buccaneers,17,11
Cardinals,Chiefs,42,5
Chargers,Chiefs,36,16
Colts,Chiefs,28,37
Chiefs,Cowboys,6,46
Dolphins,Chiefs,17,19
Chiefs,Eagles,10,33
Chiefs,Falcons,27,30
Giants,Chiefs,3,37
Chiefs,Jaguars,13,45
Jets,Chiefs,47,12
Lions,Chiefs,10,6
Chiefs,Packers,18,4
Chiefs,Panthers,34,39
Chiefs,Patriots,12,25
Chiefs,Raiders,48,7
Chiefs,Rams,5,41
Ravens,Chiefs,3,20
Redskins,Chiefs,35,23
Chiefs,Saints,32,18
Chiefs,Seahawks,21,42
Steelers,Chiefs,28,16
Texans,Chiefs,22,48
Titans,Chiefs,26,47
Vikings,Chiefs,6,10
49ers,Colts,5,25
Bears,Colts,26,8
Colts,Bengals,18,7
Colts,Bills,34,40
Broncos,Colts,16,36
Browns,Colts,5,42
Colts,Buccaneers,31,24
Cardinals,Colts,21,37
Chargers,Colts,40,17
Colts,Chiefs,30,23
Cowboys,Colts,29,27
Dolphins,Colts,9,16
Colts,Eagles,23,39
Falcons,Colts,41,33
Colts,Giants,10,42
Jaguars,Colts,49,15
Jets,Colts,34,43
Colts,Lions,33,15
Packers,Colts,22,0
Panthers,Colts,23,40
Patriots,Colts,7,22
Colts,Raiders,36,7
Colts,Rams,7,45
Colts,Ravens,5,32
Colts,Redskins,8,30
Saints,Colts,33,1
Seahawks,Colts,27,2
Steelers,Colts,7,39
Texans,Colts,39,9
Titans,Colts,35,25
Vikings,Colts,34,18
Colts,49ers,2,5
Bears,Colts,21,6
Colts,Bengals,22,18
Bills,Colts,1,15
Colts,Broncos,10,5
Colts,Browns,28,46
Colts,Buccaneers,45,26
Cardinals,Colts,29,41
Colts,Chargers,14,10
Chiefs,Colts,16,44
Colts,Cowboys,46,35
Dolphins,Colts,45,30
Colts,Eagles,41,11
Colts,Falcons,7,43
Giants,Colts,11,32
Jaguars,Colts,19,40
Colts,Jets,31,38
Colts,Lions,3,45
Colts,Packers,45,14
Colts,Panthers,23,15
Colts,Patriots,46,42
Colts,Raiders,15,38
Colts,Rams,38,45
Ravens,Colts,49,0
Redskins,Colts,47,36
Colts,Saints,46,7
Seahawks,Colts,30,24
Steelers,Colts,11,12
Colts,Texans,17,7
Titans,Colts,21,32
Vikings,Colts,41,29
Cowboys,49ers,4,32
Bears,Cowboys,45,49
Bengals,Cowboys,40,21
Bills,Cowboys,41,47
Broncos,Cowboys,9,13
Browns,Cowboys,9,10
Buccaneers,Cowboys,47,46
Cowboys,Cardinals,47,1
Cowboys,Chargers,36,22
Chiefs,Cowboys,19,6
Cowboys,Colts,37,11
Cowboys,Dolphins,42,45
Eagles,Cowboys,40,29
Cowboys,Falcons,11,41
Cowboys,Giants,8,36
Jaguars,Cowboys,12,1
Jets,Cowboys,18,20
Lions,Cowboys,35,8
Cowboys,Packers,39,7
Cowboys,Panthers,45,40
Cowboys,Patriots,48,11
Raiders,Cowboys,5,14
Cowboys,Rams,27,25
Cowboys,Ravens,21,10
Cowboys,Redskins,45,3
Cowboys,Saints,34,33
Cowboys,Seahawks,30,45
Steelers,Cowboys,14,45
Cowboys,Texans,34,3
Cowboys,Titans,26,30
Vikings,Cowboys,47,1
Cowboys,49ers,17,29
Bears,Cowboys,19,17
Cowboys,Bengals,20,38
Cowboys,Bills,38,30
Cowboys,Broncos,39,3
Browns,Cowboys,9,26
Cowboys,Buccaneers,0,34
Cardinals,Cowboys,47,39
Cowboys,Chargers,32,19
Cowboys,Chiefs,34,14
Cowboys,Colts,2,25
Cowboys,Dolphins,15,6
Cowboys,Eagles,9,17
Falcons,Cowboys,48,46
Giants,Cowboys,30,21
Jaguars,Cowboys,1,35
Jets,Cowboys,34,39
Lions,Cowboys,20,46
Packers,Cowboys,15,46
Panthers,Cowboys,44,31
Patriots,Cowboys,6,8
Raiders,Cowboys,34,35
Cowboys,Rams,3,16
Ravens,Cowboys,16,20
Cowboys,Redskins,33,49
Saints,Cowboys,7,34
Cowboys,Seahawks,20,17
Steelers,Cowboys,5,18
Texans,Cowboys,15,22
Cowboys,Titans,31,19
Cowboys,Vikings,23,36
49ers,Dolphins,24,32
Bears,Dolphins,17,7
Bengals,Dolphins,15,21
Bills,Dolphins,31,16
Broncos,Dolphins,29,0
Browns,Dolphins,33,4
Buccaneers,Dolphins,46,36
Dolphins,Cardinals,49,13
Chargers,Dolphins,2,27
Dolphins,Chiefs,41,7
Colts,Dolphins,26,43
Dolphins,Cowboys,37,13
Dolphins,Eagles,27,22
Dolphins,Falcons,45,32
Dolphins,Giants,35,9
Jaguars,Dolphins,23,16
Jets,Dolphins,23,12
Dolphins,Lions,32,16
Packers,Dolphins,41,9
Panthers,Dolphins,27,43
Dolphins,Patriots,36,1
Raiders,Dolphins,40,34
Dolphins,Rams,47,37
Dolphins,Ravens,33,13
Redskins,Dolphins,18,48
Saints,Dolphins,10,9
Seahawks,Dolphins,8,39
Steelers,Dolphins,49,33
Texans,Dolphins,32,7
Dolphins,Titans,22,46
Dolphins,Vikings,26,37
Dolphins,49ers,3,42
Dolphins,Bears,5,47
Dolphins,Bengals,7,11
Dolphins,Bills,24,26
Dolphins,Broncos,27,16
Dolphins,Browns,38,49
Dolphins,Buccaneers,0,14
Dolphins,Cardinals,40,13
Dolphins,Chargers,10,35
Chiefs,Dolphins,38,2
Colts,Dolphins,38,19
Dolphins,Cowboys,28,34
Eagles,Dolphins,32,43
Falcons,Dolphins,0,40
Giants,Dolphins,32,2
Jaguars,Dolphins,28,8
Jets,Dolphins,32,27
Lions,Dolphins,23,32
Dolphins,Packers,16,6
Dolphins,Panthers,5,14
Dolphins,Patriots,33,46
Dolphins,Raiders,18,7
Dolphins,Rams,22,43
Dolphins,Ravens,43,27
Redskins,Dolphins,46,38
Dolphins,Saints,34,8
Seahawks,Dolphins,20,38
Steelers,Dolphins,48,12
Texans,Dolphins,11,7
Titans,Dolphins,33,8
Dolphins,Vikings,10,30
Eagles,49ers,28,5
Eagles,Bears,47,35
Bengals,Eagles,36,45
Bills,Eagles,32,34
Broncos,Eagles,24,17
Eagles,Browns,14,45
Buccaneers,Eagles,21,16
Cardinals,Eagles,40,36
Eagles,Chargers,29,0
Eagles,Chiefs,45,44
Colts,Eagles,26,24
Eagles,Cowboys,18,2
Dolphins,Eagles,26,36
Falcons,Eagles,19,0
Giants,Eagles,3,7
Jaguars,Eagles,49,43
Jets,Eagles,5,42
Eagles,Lions,22,44
Packers,Eagles,38,44
Eagles,Panthers,9,31
Eagles,Patriots,31,6
Eagles,Raiders,20,26
Eagles,Rams,7,10
Eagles,Ravens,47,24
Eagles,Redskins,22,33
Eagles,Saints,12,15
Eagles,Seahawks,19,10
Eagles,Steelers,22,1
Texans,Eagles,6,48
Eagles,Titans,5,10
Vikings,Eagles,6,7
49ers,Eagles,44,7
Bears,Eagles,41,1
Bengals,Eagles,5,49
Bills,Eagles,19,17
Eagles,Broncos,21,5
Eagles,Browns,5,44
Eagles,Buccaneers,9,11
Cardinals,Eagles,22,21
Eagles,Chargers,40,36
Chiefs,Eagles,46,23
Colts,Eagles,25,9
Cowboys,Eagles,8,48
Dolphins,Eagles,13,4
Falcons,Eagles,43,40
Eagles,Giants,20,30
Eagles,Jaguars,32,17
Jets,Eagles,22,31
Eagles,Lions,9,12
Packers,Eagles,7,11
Panthers,Eagles,32,4
Patriots,Eagles,18,26
Raiders,Eagles,1,36
Rams,Eagles,13,39
Eagles,Ravens,44,19
Redskins,Eagles,27,19
Eagles,Saints,8,44
Seahawks,Eagles,12,23
Steelers,Eagles,10,24
Texans,Eagles,10,28
Eagles,Titans,22,23
Vikings,Eagles,11,13
Falcons,49ers,2,19
Bears,Falcons,37,33
Bengals,Falcons,22,2
Falcons,Bills,4,44
Broncos,Falcons,33,16
Browns,Falcons,24,9
Falcons,Buccaneers,13,46
Cardinals,Falcons,49,39
Chargers,Falcons,24,13
Chiefs,Falcons,34,29
Colts,Falcons,20,14
Falcons,Cowboys,9,18
Falcons,Dolphins,6,19
Falcons,Eagles,29,9
Giants,Falcons,43,29
Falcons,Jaguars,42,33
Jets,Falcons,11,20
Lions,Falcons,42,11
Packers,Falcons,32,11
Falcons,Panthers,14,33
Falcons,Patriots,37,2
Falcons,Raiders,24,44
Falcons,Rams,22,26
Ravens,Falcons,43,19
Redskins,Falcons,21,29
Falcons,Saints,41,43
Seahawks,Falcons,20,45
Falcons,Steelers,17,18
Texans,Falcons,9,21
Falcons,Titans,33,31
Falcons,Vikings,6,27
Falcons,49ers,16,26
Bears,Falcons,33,39
Falcons,Bengals,10,12
Bills,Falcons,35,15
Broncos,Falcons,37,30
Browns,Falcons,23,15
Falcons,Buccaneers,1,19
Cardinals,Falcons,2,34
Chargers,Falcons,34,49
Falcons,Chiefs,41,30
Colts,Falcons,28,11
Cowboys,Falcons,48,39
Dolphins,Falcons,46,40
Eagles,Falcons,41,32
Falcons,Giants,5,29
Falcons,Jaguars,38,6
Falcons,Jets,13,6
Falcons,Lions,38,31
Packers,Falcons,18,49
Falcons,Panthers,18,13
Patriots,Falcons,28,26
Falcons,Raiders,6,1
Falcons,Rams,22,14
Falcons,Ravens,1,38
Redskins,Falcons,1,39
Saints,Falcons,13,27
Falcons,Seahawks,11,20
Falcons,Steelers,30,10
Falcons,Texans,34,36
Falcons,Titans,27,47
Vikings,Falcons,24,37
Giants,49ers,16,4
Bears,Giants,25,42
Bengals,Giants,21,17
Giants,Bills,29,2
Giants,Broncos,43,48
Browns,Giants,7,5
Giants,Buccaneers,13,1
Giants,Cardinals,30,27
Giants,Chargers,25,26
Giants,Chiefs,10,30
Colts,Giants,3,21
Giants,Cowboys,21,16
Dolphins,Giants,32,26
Eagles,Giants,39,7
Giants,Falcons,4,40
Giants,Jaguars,44,30
Giants,Jets,24,21
Giants,Lions,33,3
Packers,Giants,11,6
Panthers,Giants,13,2
Giants,Patriots,14,35
Raiders,Giants,44,13
Rams,Giants,18,22
Ravens,Giants,16,9
Giants,Redskins,1,21
Giants,Saints,2,8
Seahawks,Giants,8,43
Giants,Steelers,39,26
Texans,Giants,41,34
Titans,Giants,3,9
Vikings,Giants,47,45
49ers,Giants,34,43
Giants,Bears,12,13
Bengals,Giants,19,2
Bills,Giants,37,2
Giants,Broncos,34,25
Giants,Browns,36,43
Buccaneers,Giants,12,9
Cardinals,Giants,25,24
Giants,Chargers,1,4
Giants,Chiefs,27,12
Colts,Giants,18,26
Giants,Cowboys,17,43
Dolphins,Giants,21,6
Eagles,Giants,16,4
Giants,Falcons,31,22
Giants,Jaguars,21,22
Giants,Jets,27,11
Giants,Lions,47,24
Packers,Giants,28,31
Giants,Panthers,38,20
Giants,Patriots,14,8
Giants,Raiders,33,38
Rams,Giants,2,9
Giants,Ravens,31,20
Redskins,Giants,31,4
Saints,Giants,14,32
Giants,Seahawks,8,38
Giants,Steelers,8,12
Giants,Texans,7,37
Giants,Titans,40,11
Vikings,Giants,39,2
Jaguars,49ers,25,21
Jaguars,Bears,25,21
Jaguars,Bengals,25,27
Jaguars,Bills,49,32
Jaguars,Broncos,23,8
Browns,Jaguars,34,25
Buccaneers,Jaguars,18,47
Jaguars,Cardinals,37,38
Chargers,Jaguars,45,33
Jaguars,Chiefs,33,46
Jaguars,Colts,17,35
Cowboys,Jaguars,46,4
Jaguars,Dolphins,35,45
Eagles,Jaguars,49,34
Falcons,Jaguars,19,25
Giants,Jaguars,6,2
Jets,Jaguars,6,29
Lions,Jaguars,15,31
Jaguars,Packers,40,48
Jaguars,Panthers,37,3
Jaguars,Patriots,39,49
Raiders,Jaguars,25,12
Jaguars,Rams,18,12
Ravens,Jaguars,2,31
Redskins,Jaguars,39,5
Saints,Jaguars,15,33
Seahawks,Jaguars,36,24
Steelers,Jaguars,13,42
Jaguars,Texans,19,20
Jaguars,Titans,5,3
Vikings,Jaguars,1,3
Jaguars,49ers,5,14
Bears,Jaguars,20,34
Bengals,Jaguars,15,1
Bills,Jaguars,4,20
Broncos,Jaguars,3,1
Jaguars,Browns,49,26
Buccaneers,Jaguars,17,15
Jaguars,Cardinals,17,18
Jaguars,Chargers,41,15
Chiefs,Jaguars,2,9
Jaguars,Colts,6,3
Jaguars,Cowboys,48,17
Jaguars,Dolphins,23,18
Eagles,Jaguars,40,6
Falcons,Jaguars,21,37
Jaguars,Giants,39,33
Jaguars,Jets,12,15
Jaguars,Lions,12,39
Jaguars,Packers,18,3
Jaguars,Panthers,22,6
Jaguars,Patriots,38,7
Jaguars,Raiders,7,15
Rams,Jaguars,23,34
Ravens,Jaguars,37,31
Redskins,Jaguars,27,9
Saints,Jaguars,17,29
Seahawks,Jaguars,23,29
Jaguars,Steelers,44,32
Jaguars,Texans,9,39
Jaguars,Titans,41,31
Vikings,Jaguars,38,32
49ers,Jets,24,15
Bears,Jets,8,28
Jets,Bengals,35,25
Jets,Bills,33,20
Jets,Broncos,33,13
Jets,Browns,13,38
Jets,Buccaneers,42,3
Cardinals,Jets,46,18
Jets,Chargers,22,26
Jets,Chiefs,18,17
Colts,Jets,31,39
Jets,Cowboys,1,11
Dolphins,Jets,36,10
Jets,Eagles,1,6
Jets,Falcons,2,23
Jets,Giants,29,48
Jets,Jaguars,44,15
Jets,Lions,16,4
Jets,Packers,36,4
Panthers,Jets,29,14
Patriots,Jets,30,12
Raiders,Jets,34,42
Jets,Rams,28,35
Jets,Ravens,25,20
Jets,Redskins,36,42
Saints,Jets,20,0
Seahawks,Jets,7,12
Jets,Steelers,32,20
Texans,Jets,34,48
Jets,Titans,24,21
Jets,Vikings,0,41
Jets,49ers,39,16
Jets,Bears,41,32
Bengals,Jets,15,47
Bills,Jets,37,6
Broncos,Jets,6,15
Browns,Jets,35,31
Jets,Buccaneers,43,27
Jets,Cardinals,26,15
Jets,Chargers,46,11
Jets,Chiefs,46,2
Colts,Jets,2,46
Jets,Cowboys,1,47
Dolphins,Jets,10,39
Jets,Eagles,28,34
Jets,Falcons,46,22
Jets,Giants,17,21
Jaguars,Jets,28,48
Lions,Jets,43,29
Jets,Packers,33,26
Panthers,Jets,6,49
Jets,Patriots,12,6
Raiders,Jets,19,27
Rams,Jets,6,29
Jets,Ravens,1,18
Jets,Redskins,33,21
Jets,Saints,43,10
Jets,Seahawks,32,17
Steelers,Jets,10,46
Jets,Texans,5,41
Titans,Jets,25,13
Jets,Vikings,23,18
49ers,Lions,6,49
Bears,Lions,37,24
Bengals,Lions,43,11
Bills,Lions,2,22
Broncos,Lions,2,42
Lions,Browns,31,7
Lions,Buccaneers,6,18
Lions,Cardinals,24,43
Chargers,Lions,24,7
Chiefs,Lions,11,12
Lions,Colts,49,8
Lions,Cowboys,40,37
Lions,Dolphins,0,11
Eagles,Lions,0,21
Falcons,Lions,31,17
Lions,Giants,25,7
Lions,Jaguars,30,9
Jets,Lions,16,7
Packers,Lions,23,28
Panthers,Lions,13,29
Patriots,Lions,20,5
Raiders,Lions,1,38
Lions,Rams,29,10
Ravens,Lions,27,45
Lions,Redskins,45,29
Lions,Saints,30,47
Lions,Seahawks,23,24
Lions,Steelers,4,34
Texans,Lions,24,40
Lions,Titans,31,3
Vikings,Lions,16,15
49ers,Lions,2,8
Lions,Bears,14,20
Lions,Bengals,29,37
Bills,Lions,10,28
Lions,Broncos,3,32
Browns,Lions,10,37
Lions,Buccaneers,1,0
Cardinals,Lions,32,44
Lions,Chargers,3,26
Lions,Chiefs,32,34
Colts,Lions,21,41
Cowboys,Lions,34,11
Dolphins,Lions,4,7
Eagles,Lions,20,8
Falcons,Lions,43,21
Giants,Lions,34,20
Lions,Jaguars,25,9
Lions,Jets,15,43
Packers,Lions,28,10
Panthers,Lions,42,17
Lions,Patriots,20,47
Lions,Raiders,39,15
Rams,Lions,1,49
Lions,Ravens,26,18
Redskins,Lions,4,42
Lions,Saints,33,47
Seahawks,Lions,10,33
Lions,Steelers,49,14
Texans,Lions,5,3
Titans,Lions,10,47
Lions,Vikings,11,20
49ers,Packers,29,41
Packers,Bears,31,14
Bengals,Packers,6,34
Packers,Bills,44,33
Broncos,Packers,20,13
Browns,Packers,26,45
Packers,Buccaneers,37,45
Cardinals,Packers,9,48
Packers,Chargers,32,34
Packers,Chiefs,0,32
Colts,Packers,28,8
Packers,Cowboys,20,0
Dolphins,Packers,2,6
Eagles,Packers,22,29
Packers,Falcons,42,5
Packers,Giants,31,4
Packers,Jaguars,40,17
Jets,Packers,26,42
Lions,Packers,7,17
Packers,Panthers,3,17
Patriots,Packers,22,0
Raiders,Packers,9,31
Rams,Packers,14,47
Packers,Ravens,5,31
Packers,Redskins,42,16
Saints,Packers,13,49
Packers,Seahawks,37,5
Packers,Steelers,48,32
Packers,Texans,4,2
Packers,Titans,15,21
Packers,Vikings,44,24
Packers,49ers,19,35
Packers,Bears,11,49
Packers,Bengals,18,40
Packers,Bills,47,21
Packers,Broncos,25,27
Browns,Packers,3,22
Buccaneers,Packers,23,49
Packers,Cardinals,12,39
Packers,Chargers,1,46
Packers,Chiefs,9,10
Colts,Packers,34,17
Packers,Cowboys,20,11
Dolphins,Packers,12,46
Packers,Eagles,35,47
Falcons,Packers,36,3
Giants,Packers,11,49
Packers,Jaguars,28,9
Jets,Packers,16,37
Lions,Packers,16,8
Packers,Panthers,6,37
Packers,Patriots,19,20
Raiders,Packers,3,13
Packers,Rams,2,44
Ravens,Packers,43,30
Packers,Redskins,21,16
Saints,Packers,8,21
Packers,Seahawks,2,45
Steelers,Packers,7,25
Packers,Texans,4,1
Titans,Packers,43,47
Vikings,Packers,10,0
49ers,Panthers,43,35
Panthers,Bears,19,13
Panthers,Bengals,3,2
Bills,Panthers,21,24
Panthers,Broncos,45,4
Browns,Panthers,44,43
Buccaneers,Panthers,4,26
Panthers,Cardinals,34,23
Panthers,Chargers,10,16
Panthers,Chiefs,41,46
Colts,Panthers,28,36
Cowboys,Panthers,12,24
Dolphins,Panthers,25,4
Eagles,Panthers,17,35
Panthers,Falcons,35,37
Giants,Panthers,38,28
Panthers,Jaguars,30,27
Panthers,Jets,47,48
Lions,Panthers,2,20
Packers,Panthers,17,35
Patriots,Panthers,2,32
Raiders,Panthers,10,11
Panthers,Rams,3,41
Panthers,Ravens,7,5
Redskins,Panthers,25,6
Saints,Panthers,25,8
Seahawks,Panthers,2,45
Steelers,Panthers,6,4
Panthers,Texans,36,9
Panthers,Titans,15,34
Vikings,Panthers,28,8
Panthers,49ers,37,29
Panthers,Bears,14,12
Panthers,Bengals,49,14
Panthers,Bills,16,36
Broncos,Panthers,20,12
Browns,Panthers,43,44
Panthers,Buccaneers,18,30
Cardinals,Panthers,41,1
Panthers,Chargers,19,28
Panthers,Chiefs,7,32
Colts,Panthers,8,30
Cowboys,Panthers,31,29
Panthers,Dolphins,28,36
Eagles,Panthers,12,47
Panthers,Falcons,19,8
Giants,Panthers,16,31
Jaguars,Panthers,3,38
Panthers,Jets,49,44
Lions,Panthers,28,18
Panthers,Packers,42,32
Panthers,Patriots,35,23
Raiders,Panthers,36,13
Panthers,Rams,37,17
Panthers,Ravens,14,9
Panthers,Redskins,20,11
Panthers,Saints,8,20
Seahawks,Panthers,9,33
Panthers,Steelers,48,44
Texans,Panthers,47,45
Titans,Panthers,0,12
Panthers,Vikings,47,20
Patriots,49ers,23,8
Patriots,Bears,44,41
Bengals,Patriots,21,20
Bills,Patriots,30,31
Broncos,Patriots,29,48
Browns,Patriots,45,12
Patriots,Buccaneers,22,21
Cardinals,Patriots,36,13
Patriots,Chargers,10,26
Patriots,Chiefs,45,6
Patriots,Colts,32,14
Cowboys,Patriots,26,15
Patriots,Dolphins,15,11
Patriots,Eagles,17,46
Patriots,Falcons,44,32
Patriots,Giants,3,14
Patriots,Jaguars,1,9
Jets,Patriots,24,27
Patriots,Lions,6,21
Patriots,Packers,13,42
Patriots,Panthers,12,49
Raiders,Patriots,10,39
Patriots,Rams,47,42
Patriots,Ravens,7,30
Patriots,Redskins,46,33
Patriots,Saints,12,16
Seahawks,Patriots,29,17
Patriots,Steelers,8,11
Texans,Patriots,11,5
Titans,Patriots,34,22
Patriots,Vikings,33,12
Patriots,49ers,18,38
Patriots,Bears,5,2
Patriots,Bengals,20,14
Bills,Patriots,42,48
Patriots,Broncos,29,46
Patriots,Browns,44,36
Buccaneers,Patriots,41,4
Patriots,Cardinals,19,26
Chargers,Patriots,27,30
Chiefs,Patriots,45,5
Patriots,Colts,38,3
Cowboys,Patriots,20,6
Patriots,Dolphins,8,11
Eagles,Patriots,25,15
Patriots,Falcons,45,33
Patriots,Giants,25,40
Patriots,Jaguars,18,40
Jets,Patriots,9,25
Patriots,Lions,5,15
Packers,Patriots,3,18
Patriots,Panthers,1,49
Raiders,Patriots,7,9
Patriots,Rams,42,28
Patriots,Ravens,40,34
Redskins,Patriots,22,16
Patriots,Saints,32,10
Patriots,Seahawks,32,48
Patriots,Steelers,24,42
Patriots,Texans,43,26
Patriots,Titans,8,23
Vikings,Patriots,43,17
Raiders,49ers,33,15
Bears,Raiders,24,23
Bengals,Raiders,17,35
Bills,Raiders,16,11
Broncos,Raiders,19,23
Raiders,Browns,41,0
Buccaneers,Raiders,20,5
Raiders,Cardinals,3,14
Chargers,Raiders,46,1
Raiders,Chiefs,33,40
Raiders,Colts,9,28
Cowboys,Raiders,34,46
Dolphins,Raiders,39,43
Raiders,Eagles,8,34
Falcons,Raiders,43,21
Raiders,Giants,34,1
Jaguars,Raiders,45,14
Raiders,Jets,9,7
Lions,Raiders,49,4
Packers,Raiders,41,37
Raiders,Panthers,45,8
Raiders,Patriots,46,0
Rams,Raiders,26,5
Raiders,Ravens,46,19
Raiders,Redskins,28,33
Saints,Raiders,6,42
Raiders,Seahawks,8,45
Steelers,Raiders,25,47
Raiders,Texans,10,13
Raiders,Titans,44,7
Vikings,Raiders,12,24
49ers,Raiders,13,18
Raiders,Bears,6,1
Raiders,Bengals,33,18
Bills,Raiders,29,30
Broncos,Raiders,37,40
Browns,Raiders,1,49
Raiders,Buccaneers,3,30
Cardinals,Raiders,48,42
Chargers,Raiders,10,20
Raiders,Chiefs,35,31
Raiders,Colts,41,34
Cowboys,Raiders,14,11
Dolphins,Raiders,39,6
Eagles,Raiders,32,35
Raiders,Falcons,42,25
Giants,Raiders,23,26
Jaguars,Raiders,7,48
Raiders,Jets,48,25
Raiders,Lions,2,8
Raiders,Packers,33,27
Raiders,Panthers,32,40
Patriots,Raiders,5,38
Raiders,Rams,16,22
Raiders,Ravens,10,40
Raiders,Redskins,23,47
Raiders,Saints,21,11
Seahawks,Raiders,23,24
Raiders,Steelers,43,13
Texans,Raiders,3,13
Titans,Raiders,45,39
Vikings,Raiders,10,46
49ers,Rams,2,25
Rams,Bears,27,1
Bengals,Rams,44,5
Bills,Rams,46,45
Rams,Broncos,11,47
Rams,Browns,10,17
Rams,Buccaneers,21,0
Rams,Cardinals,37,30
Rams,Chargers,5,36
Chiefs,Rams,12,42
Colts,Rams,24,23
Rams,Cowboys,34,27
Dolphins,Rams,44,28
Eagles,Rams,13,47
Rams,Falcons,13,39
Giants,Rams,32,8
Jaguars,Rams,4,24
Rams,Jets,43,5
Rams,Lions,23,27
Packers,Rams,11,36
Panthers,Rams,40,0
Rams,Patriots,13,40
Rams,Raiders,22,13
Rams,Ravens,47,30
Redskins,Rams,9,2
Saints,Rams,31,38
Seahawks,Rams,33,40
Rams,Steelers,35,42
Texans,Rams,44,38
Rams,Titans,32,14
Rams,Vikings,13,23
Rams,49ers,28,37
Rams,Bears,29,8
Rams,Bengals,34,20
Rams,Bills,14,34
Rams,Broncos,31,9
Rams,Browns,10,5
Buccaneers,Rams,36,9
Rams,Cardinals,6,14
Rams,Chargers,9,14
Chiefs,Rams,11,1
Rams,Colts,35,7
Cowboys,Rams,14,38
Dolphins,Rams,21,19
Eagles,Rams,38,30
Falcons,Rams,22,15
Rams,Giants,32,6
Jaguars,Rams,20,18
Rams,Jets,3,40
Rams,Lions,37,12
Rams,Packers,14,15
Panthers,Rams,31,6
Rams,Patriots,29,44
Raiders,Rams,2,38
Ravens,Rams,31,17
Redskins,Rams,24,36
Saints,Rams,32,12
Seahawks,Rams,12,35
Steelers,Rams,3,14
Texans,Rams,41,46
Rams,Titans,39,3
Rams,Vikings,11,12
49ers,Ravens,8,22
Bears,Ravens,21,47
Bengals,Ravens,36,40
Bills,Ravens,2,6
Ravens,Broncos,38,23
Ravens,Browns,49,28
Ravens,Buccaneers,12,31
Ravens,Cardinals,13,25
Chargers,Ravens,16,35
Ravens,Chiefs,30,34
Colts,Ravens,34,36
Cowboys,Ravens,28,13
Dolphins,Ravens,16,27
Eagles,Ravens,7,9
Ravens,Falcons,5,19
Giants,Ravens,2,24
Jaguars,Ravens,10,33
Ravens,Jets,27,25
Lions,Ravens,41,36
Ravens,Packers,18,34
Ravens,Panthers,29,2
Ravens,Patriots,6,37
Raiders,Ravens,46,42
Rams,Ravens,47,30
Redskins,Ravens,6,5
Ravens,Saints,4,11
Seahawks,Ravens,6,25
Ravens,Steelers,20,33
Texans,Ravens,30,35
Titans,Ravens,43,29
Vikings,Ravens,8,36
49ers,Ravens,22,10
Ravens,Bears,19,7
Ravens,Bengals,44,41
Ravens,Bills,34,25
Ravens,Broncos,19,23
Ravens,Browns,20,16
Buccaneers,Ravens,12,2
Ravens,Cardinals,14,31
Chargers,Ravens,27,18
Chiefs,Ravens,32,20
Ravens,Colts,15,17
Ravens,Cowboys,39,2
Ravens,Dolphins,43,27
Ravens,Eagles,1,2
Ravens,Falcons,1,29
Ravens,Giants,41,29
Jaguars,Ravens,36,43
Jets,Ravens,1,30
Lions,Ravens,21,39
Ravens,Packers,26,3
Panthers,Ravens,42,36
Patriots,Ravens,24,21
Raiders,Ravens,12,37
Ravens,Rams,46,38
Ravens,Redskins,25,4
Ravens,Saints,37,48
Ravens,Seahawks,33,18
Ravens,Steelers,30,38
Texans,Ravens,49,33
Ravens,Titans,36,27
Ravens,Vikings,8,18
49ers,Redskins,28,12
Bears,Redskins,1,41
Redskins,Bengals,45,44
Redskins,Bills,46,8
Broncos,Redskins,32,6
Browns,Redskins,1,46
Redskins,Buccaneers,12,4
Redskins,Cardinals,32,1
Chargers,Redskins,29,44
Chiefs,Redskins,18,9
Colts,Redskins,35,0
Cowboys,Redskins,44,38
Redskins,Dolphins,39,8
Redskins,Eagles,49,22
Falcons,Redskins,47,32
Giants,Redskins,29,12
Redskins,Jaguars,25,36
Jets,Redskins,27,45
Redskins,Lions,31,14
Packers,Redskins,29,48
Redskins,Panthers,16,27
Redskins,Patriots,20,49
Raiders,Redskins,12,37
Rams,Redskins,10,33
Redskins,Ravens,30,4
Redskins,Saints,18,5
Redskins,Seahawks,7,41
Steelers,Redskins,8,26
Redskins,Texans,31,33
Titans,Redskins,48,7
Redskins,Vikings,11,20
49ers,Redskins,30,47
Redskins,Bears,7,11
Redskins,Bengals,27,22
Redskins,Bills,49,30
Redskins,Broncos,36,35
Redskins,Browns,12,32
Redskins,Buccaneers,24,37
Cardinals,Redskins,42,0
Chargers,Redskins,23,2
Chiefs,Redskins,17,33
Redskins,Colts,33,17
Cowboys,Redskins,41,33
Redskins,Dolphins,15,35
Redskins,Eagles,21,9
Redskins,Falcons,45,1
Giants,Redskins,24,23
Jaguars,Redskins,38,5
Jets,Redskins,49,44
Redskins,Lions,37,9
Packers,Redskins,32,9
Panthers,Redskins,3,13
Patriots,Redskins,1,8
Redskins,Raiders,6,39
Rams,Redskins,1,31
Ravens,Redskins,31,14
Saints,Redskins,18,2
Seahawks,Redskins,38,37
Redskins,Steelers,34,39
Texans,Redskins,19,21
Redskins,Titans,33,34
Vikings,Redskins,42,36
49ers,Saints,29,46
Saints,Bears,26,15
Saints,Bengals,7,2
Bills,Saints,6,5
Broncos,Saints,39,23
Saints,Browns,39,23
Buccaneers,Saints,30,17
Cardinals,Saints,23,33
Saints,Chargers,26,17
Chiefs,Saints,19,26
Colts,Saints,33,25
Cowboys,Saints,23,6
Dolphins,Saints,33,44
Eagles,Saints,24,34
Saints,Falcons,5,7
Saints,Giants,23,29
Saints,Jaguars,28,16
Saints,Jets,37,6
Saints,Lions,17,24
Saints,Packers,37,26
Panthers,Saints,26,14
Patriots,Saints,21,27
Saints,Raiders,45,21
Saints,Rams,40,38
Ravens,Saints,48,41
Redskins,Saints,7,38
Seahawks,Saints,3,43
Steelers,Saints,15,18
Saints,Texans,14,36
Saints,Titans,31,3
Vikings,Saints,49,35
49ers,Saints,18,10
Bears,Saints,41,22
Saints,Bengals,26,47
Bills,Saints,40,7
Broncos,Saints,15,13
Saints,Browns,15,10
Saints,Buccaneers,31,32
Cardinals,Saints,46,26
Saints,Chargers,42,37
Chiefs,Saints,13,10
Colts,Saints,47,31
Cowboys,Saints,43,30
Dolphins,Saints,27,42
Saints,Eagles,34,17
Falcons,Saints,5,17
Saints,Giants,11,6
Jaguars,Saints,36,20
Jets,Saints,3,42
Lions,Saints,43,40
Saints,Packers,47,36
Panthers,Saints,25,15
Saints,Patriots,11,2
Raiders,Saints,45,42
Rams,Saints,36,42
Saints,Ravens,0,13
Saints,Redskins,41,13
Saints,Seahawks,36,47
Steelers,Saints,2,6
Texans,Saints,41,0
Saints,Titans,5,18
Saints,Vikings,18,40
Seahawks,49ers,36,15
Seahawks,Bears,18,13
Seahawks,Bengals,48,25
Bills,Seahawks,0,9
Seahawks,Broncos,38,19
Browns,Seahawks,3,39
Buccaneers,Seahawks,28,14
Cardinals,Seahawks,9,46
Seahawks,Chargers,32,33
Chiefs,Seahawks,40,42
Seahawks,Colts,32,43
Cowboys,Seahawks,27,16
Dolphins,Seahawks,5,2
Eagles,Seahawks,35,28
Falcons,Seahawks,6,24
Giants,Seahawks,40,38
Seahawks,Jaguars,17,42
Jets,Seahawks,32,31
Lions,Seahawks,14,34
Seahawks,Packers,6,22
Seahawks,Panthers,38,0
Patriots,Seahawks,27,1
Raiders,Seahawks,49,26
Rams,Seahawks,7,2
Seahawks,Ravens,38,44
Seahawks,Redskins,4,43
Seahawks,Saints,43,14
Seahawks,Steelers,3,11
Seahawks,Texans,46,7
Titans,Seahawks,27,12
Seahawks,Vikings,15,24
49ers,Seahawks,4,12
Bears,Seahawks,15,46
Bengals,Seahawks,2,25
Bills,Seahawks,9,12
Broncos,Seahawks,7,31
Seahawks,Browns,49,5
Buccaneers,Seahawks,49,32
Cardinals,Seahawks,16,8
Seahawks,Chargers,26,14
Chiefs,Seahawks,33,30
Seahawks,Colts,49,42
Seahawks,Cowboys,13,27
Dolphins,Seahawks,8,27
Eagles,Seahawks,47,16
Seahawks,Falcons,7,1
Giants,Seahawks,31,32
Jaguars,Seahawks,18,15
Seahawks,Jets,4,45
Lions,Seahawks,12,39
Seahawks,Packers,8,37
Panthers,Seahawks,1,14
Seahawks,Patriots,18,27
Seahawks,Raiders,21,16
Rams,Seahawks,11,22
Seahawks,Ravens,2,30
Redskins,Seahawks,40,27
Seahawks,Saints,32,19
Steelers,Seahawks,49,36
Texans,Seahawks,33,28
Seahawks,Titans,32,30
Vikings,Seahawks,38,39
Steelers,49ers,2,49
Steelers,Bears,4,25
Steelers,Bengals,45,35
Steelers,Bills,8,44
Broncos,Steelers,30,33
Steelers,Browns,6,24
Buccaneers,Steelers,33,46
Cardinals,Steelers,49,9
Steelers,Chargers,30,29
Steelers,Chiefs,22,40
Steelers,Colts,5,7
Cowboys,Steelers,24,47
Steelers,Dolphins,35,41
Eagles,Steelers,29,20
Falcons,Steelers,42,7
Steelers,Giants,22,8
Steelers,Jaguars,17,5
Jets,Steelers,32,12
Steelers,Lions,39,31
Packers,Steelers,47,27
Panthers,Steelers,22,5
Patriots,Steelers,2,1
Raiders,Steelers,16,18
Steelers,Rams,28,31
Ravens,Steelers,4,26
Redskins,Steelers,20,42
Saints,Steelers,30,15
Seahawks,Steelers,29,9
Steelers,Texans,43,21
Titans,Steelers,3,12
Vikings,Steelers,19,1
49ers,Steelers,31,32
Bears,Steelers,9,26
Steelers,Bengals,41,46
Bills,Steelers,6,25
Steelers,Broncos,13,47
Browns,Steelers,48,38
Buccaneers,Steelers,27,40
Cardinals,Steelers,39,7
Chargers,Steelers,41,42
Chiefs,Steelers,42,15
Steelers,Colts,38,30
Steelers,Cowboys,0,43
Dolphins,Steelers,38,11
Eagles,Steelers,17,47
Steelers,Falcons,23,18
Giants,Steelers,15,18
Steelers,Jaguars,12,13
Jets,Steelers,37,33
Lions,Steelers,16,15
Packers,Steelers,49,47
Panthers,Steelers,4,38
Patriots,Steelers,39,20
Steelers,Raiders,13,27
Rams,Steelers,17,14
Steelers,Ravens,0,9
Redskins,Steelers,33,46
Saints,Steelers,31,39
Steelers,Seahawks,37,24
Texans,Steelers,44,0
Steelers,Titans,11,21
Vikings,Steelers,48,34
Texans,49ers,39,41
Bears,Texans,38,37
Bengals,Texans,16,4
Bills,Texans,9,37
Broncos,Texans,29,7
Browns,Texans,23,18
Buccaneers,Texans,5,40
Texans,Cardinals,13,30
Chargers,Texans,28,13
Chiefs,Texans,37,24
Texans,Colts,9,37
Cowboys,Texans,19,41
Texans,Dolphins,11,30
Eagles,Texans,28,1
Falcons,Texans,2,31
Texans,Giants,46,0
Texans,Jaguars,20,41
Texans,Jets,12,14
Texans,Lions,15,26
Packers,Texans,10,3
Texans,Panthers,38,9
Patriots,Texans,45,10
Raiders,Texans,20,26
Texans,Rams,18,3
Ravens,Texans,39,42
Redskins,Texans,22,20
Saints,Texans,21,11
Seahawks,Texans,30,37
Steelers,Texans,22,42
Titans,Texans,9,3
Texans,Vikings,38,11
49ers,Texans,31,10
Bears,Texans,32,39
Bengals,Texans,45,46
Bills,Texans,31,8
Texans,Broncos,25,44
Browns,Texans,16,39
Buccaneers,Texans,10,33
Cardinals,Texans,37,43
Texans,Chargers,35,46
Chiefs,Texans,10,7
Colts,Texans,36,30
Cowboys,Texans,29,25
Texans,Dolphins,7,41
Texans,Eagles,12,20
Texans,Falcons,40,42
Giants,Texans,33,35
Jaguars,Texans,31,7
Texans,Jets,30,8
Texans,Lions,22,43
Texans,Packers,40,21
Panthers,Texans,41,49
Texans,Patriots,28,40
Raiders,Texans,46,40
Rams,Texans,22,28
Texans,Ravens,40,37
Texans,Redskins,33,7
Texans,Saints,12,39
Seahawks,Texans,22,31
Texans,Steelers,39,12
Titans,Texans,10,28
Texans,Vikings,2,37
49ers,Titans,24,19
Titans,Bears,12,23
Bengals,Titans,0,41
Bills,Titans,32,3
Titans,Broncos,20,31
Browns,Titans,21,3
Buccaneers,Titans,26,8
Titans,Cardinals,26,19
Titans,Chargers,45,42
Chiefs,Titans,0,49
Colts,Titans,2,19
Titans,Cowboys,2,49
Dolphins,Titans,18,31
Titans,Eagles,23,31
Titans,Falcons,13,48
Titans,Giants,28,49
Jaguars,Titans,1,20
Jets,Titans,5,26
Titans,Lions,39,31
Titans,Packers,3,32
Titans,Panthers,5,15
Patriots,Titans,33,22
Titans,Raiders,10,31
Rams,Titans,26,2
Ravens,Titans,49,15
Titans,Redskins,15,47
Saints,Titans,45,41
Titans,Seahawks,15,7
Titans,Steelers,10,36
Titans,Texans,27,17
Titans,Vikings,42,17
49ers,Titans,14,19
Titans,Bears,14,43
Titans,Bengals,48,35
Titans,Bills,33,2
Broncos,Titans,41,32
Titans,Browns,2,5
Titans,Buccaneers,8,18
Cardinals,Titans,2,30
Titans,Chargers,38,5
Chiefs,Titans,14,2
Colts,Titans,13,0
Cowboys,Titans,47,24
Dolphins,Titans,24,31
Titans,Eagles,42,28
Titans,Falcons,32,19
Giants,Titans,19,6
Jaguars,Titans,23,17
Titans,Jets,28,23
Lions,Titans,4,39
Packers,Titans,33,46
Panthers,Titans,15,5
Patriots,Titans,38,27
Titans,Raiders,1,9
Titans,Rams,24,36
Ravens,Titans,27,14
Redskins,Titans,15,26
Titans,Saints,25,15
Titans,Seahawks,5,49
Steelers,Titans,15,14
Titans,Texans,25,41
Vikings,Titans,3,12
Vikings,49ers,30,5
Vikings,Bears,3,49
Vikings,Bengals,47,8
Vikings,Bills,14,40
Broncos,Vikings,31,46
Browns,Vikings,12,19
Buccaneers,Vikings,1,39
Vikings,Cardinals,28,1
Vikings,Chargers,23,16
Chiefs,Vikings,11,9
Colts,Vikings,0,19
Cowboys,Vikings,17,37
Dolphins,Vikings,39,35
Vikings,Eagles,44,18
Vikings,Falcons,16,47
Vikings,Giants,22,44
Vikings,Jaguars,37,24
Jets,Vikings,21,41
Lions,Vikings,13,34
Vikings,Packers,10,26
Panthers,Vikings,30,34
Vikings,Patriots,14,23
Vikings,Raiders,0,43
Rams,Vikings,6,5
Vikings,Ravens,6,5
Vikings,Redskins,40,11
Vikings,Saints,26,10
Seahawks,Vikings,32,48
Vikings,Steelers,48,21
Texans,Vikings,15,3
Titans,Vikings,16,13
Vikings,49ers,36,9
Vikings,Bears,28,7
Vikings,Bengals,9,31
Bills,Vikings,4,41
Vikings,Broncos,44,17
Vikings,Browns,37,2
Buccaneers,Vikings,31,23
Cardinals,Vikings,2,42
Chargers,Vikings,16,3
Vikings,Chiefs,42,2
Vikings,Colts,42,27
Cowboys,Vikings,40,29
Dolphins,Vikings,17,26
Vikings,Eagles,7,37
Falcons,Vikings,32,38
Vikings,Giants,42,18
Vikings,Jaguars,28,6
Vikings,Jets,8,25
Vikings,Lions,25,48
Packers,Vikings,35,40
Vikings,Panthers,32,47
Vikings,Patriots,10,43
Vikings,Raiders,36,20
Rams,Vikings,41,49
Vikings,Ravens,4,48
Vikings,Redskins,45,35
Vikings,Saints,39,0
Seahawks,Vikings,20,23
Steelers,Vikings,23,39
Texans,Vikings,6,45
Titans,Vikings,37,39
